{
  "summary": {
    "overall_reasoning": {
      "mean": 0.17818870327257447,
      "median": 0.17818870327257447,
      "std": 0.0,
      "min": 0.17818870327257447,
      "max": 0.17818870327257447
    },
    "aggregate_criteria": {
      "mean": 0.17275672468891726,
      "median": 0.17275672468891726,
      "std": 0.0,
      "min": 0.17275672468891726,
      "max": 0.17275672468891726
    },
    "parsing_success_rate": 1.0
  },
  "per_repository": {
    "vyper": {
      "overall_reasoning_uncertainty": 0.17818870327257447,
      "aggregate_uncertainty": 0.17275672468891726,
      "criteria_uncertainties": {
        "protocol_implementation": 0.16856907983787994,
        "algorithmic_innovation": 0.17907880845017593,
        "developer_experience": 0.17332672518976744,
        "architectural_innovation": 0.17553311320714984,
        "security_innovation": 0.17144241257934584,
        "standards_leadership": 0.16875727789362696,
        "cross_client_compatibility": 0.1630326045871897
      },
      "originality_score": 0.6404444444444445,
      "parsing_method": "json",
      "parsing_success": true
    }
  },
  "per_criterion": {
    "protocol_implementation": {
      "mean": 0.16856907983787994,
      "median": 0.16856907983787994,
      "std": 0.0,
      "count": 1
    },
    "algorithmic_innovation": {
      "mean": 0.17907880845017593,
      "median": 0.17907880845017593,
      "std": 0.0,
      "count": 1
    },
    "developer_experience": {
      "mean": 0.17332672518976744,
      "median": 0.17332672518976744,
      "std": 0.0,
      "count": 1
    },
    "architectural_innovation": {
      "mean": 0.17553311320714984,
      "median": 0.17553311320714984,
      "std": 0.0,
      "count": 1
    },
    "security_innovation": {
      "mean": 0.17144241257934584,
      "median": 0.17144241257934584,
      "std": 0.0,
      "count": 1
    },
    "standards_leadership": {
      "mean": 0.16875727789362696,
      "median": 0.16875727789362696,
      "std": 0.0,
      "count": 1
    },
    "cross_client_compatibility": {
      "mean": 0.1630326045871897,
      "median": 0.1630326045871897,
      "std": 0.0,
      "count": 1
    }
  }
}