{
  "summary": {
    "overall_reasoning": {
      "mean": 0.17124277043695993,
      "median": 0.17124277043695993,
      "std": 0.0,
      "min": 0.17124277043695993,
      "max": 0.17124277043695993
    },
    "aggregate_criteria": {
      "mean": 0.17284648960481666,
      "median": 0.17284648960481666,
      "std": 0.0,
      "min": 0.17284648960481666,
      "max": 0.17284648960481666
    },
    "parsing_success_rate": 1.0
  },
  "per_repository": {
    "safe-smart-account": {
      "overall_reasoning_uncertainty": 0.17124277043695993,
      "aggregate_uncertainty": 0.17284648960481666,
      "criteria_uncertainties": {
        "protocol_implementation": 0.17534422376411388,
        "algorithmic_innovation": 0.1737232070850038,
        "developer_experience": 0.17637208593994605,
        "architectural_innovation": 0.18020493829293854,
        "security_innovation": 0.169368138108718,
        "standards_leadership": 0.1687146163366221,
        "cross_client_compatibility": 0.165600739896452
      },
      "originality_score": 0.7711111111111112,
      "parsing_method": "json",
      "parsing_success": true
    }
  },
  "per_criterion": {
    "protocol_implementation": {
      "mean": 0.17534422376411388,
      "median": 0.17534422376411388,
      "std": 0.0,
      "count": 1
    },
    "algorithmic_innovation": {
      "mean": 0.1737232070850038,
      "median": 0.1737232070850038,
      "std": 0.0,
      "count": 1
    },
    "developer_experience": {
      "mean": 0.17637208593994605,
      "median": 0.17637208593994605,
      "std": 0.0,
      "count": 1
    },
    "architectural_innovation": {
      "mean": 0.18020493829293854,
      "median": 0.18020493829293854,
      "std": 0.0,
      "count": 1
    },
    "security_innovation": {
      "mean": 0.169368138108718,
      "median": 0.169368138108718,
      "std": 0.0,
      "count": 1
    },
    "standards_leadership": {
      "mean": 0.1687146163366221,
      "median": 0.1687146163366221,
      "std": 0.0,
      "count": 1
    },
    "cross_client_compatibility": {
      "mean": 0.165600739896452,
      "median": 0.165600739896452,
      "std": 0.0,
      "count": 1
    }
  }
}