{
  "summary": {
    "overall_reasoning": {
      "mean": 0.1702927477512116,
      "median": 0.1702927477512116,
      "std": 0.0,
      "min": 0.1702927477512116,
      "max": 0.1702927477512116
    },
    "aggregate_criteria": {
      "mean": 0.16658249994099114,
      "median": 0.16658249994099114,
      "std": 0.0,
      "min": 0.16658249994099114,
      "max": 0.16658249994099114
    },
    "parsing_success_rate": 1.0
  },
  "per_repository": {
    "account-abstraction": {
      "overall_reasoning_uncertainty": 0.1702927477512116,
      "aggregate_uncertainty": 0.16658249994099114,
      "criteria_uncertainties": {
        "protocol_implementation": 0.1657435665611415,
        "algorithmic_innovation": 0.16775136239306948,
        "developer_experience": 0.16843916837389197,
        "architectural_innovation": 0.16619352380914595,
        "security_innovation": 0.16861923065622206,
        "standards_leadership": 0.16276073304140518,
        "cross_client_compatibility": 0.16772941119237872
      },
      "originality_score": 0.7782222222222221,
      "parsing_method": "json",
      "parsing_success": true
    }
  },
  "per_criterion": {
    "protocol_implementation": {
      "mean": 0.1657435665611415,
      "median": 0.1657435665611415,
      "std": 0.0,
      "count": 1
    },
    "algorithmic_innovation": {
      "mean": 0.16775136239306948,
      "median": 0.16775136239306948,
      "std": 0.0,
      "count": 1
    },
    "developer_experience": {
      "mean": 0.16843916837389197,
      "median": 0.16843916837389197,
      "std": 0.0,
      "count": 1
    },
    "architectural_innovation": {
      "mean": 0.16619352380914595,
      "median": 0.16619352380914595,
      "std": 0.0,
      "count": 1
    },
    "security_innovation": {
      "mean": 0.16861923065622206,
      "median": 0.16861923065622206,
      "std": 0.0,
      "count": 1
    },
    "standards_leadership": {
      "mean": 0.16276073304140518,
      "median": 0.16276073304140518,
      "std": 0.0,
      "count": 1
    },
    "cross_client_compatibility": {
      "mean": 0.16772941119237872,
      "median": 0.16772941119237872,
      "std": 0.0,
      "count": 1
    }
  }
}