{
  "summary": {
    "overall_reasoning": {
      "mean": 0.182832842979472,
      "median": 0.182832842979472,
      "std": 0.0,
      "min": 0.182832842979472,
      "max": 0.182832842979472
    },
    "aggregate_criteria": {
      "mean": 0.18253855206151753,
      "median": 0.18253855206151753,
      "std": 0.0,
      "min": 0.18253855206151753,
      "max": 0.18253855206151753
    },
    "parsing_success_rate": 1.0
  },
  "per_repository": {
    "grandine": {
      "overall_reasoning_uncertainty": 0.182832842979472,
      "aggregate_uncertainty": 0.18253855206151753,
      "criteria_uncertainties": {
        "protocol_implementation": 0.18206623547547493,
        "algorithmic_innovation": 0.18121558869957166,
        "developer_experience": 0.185671006997341,
        "architectural_innovation": 0.1834063862880454,
        "security_innovation": 0.1767387024910239,
        "standards_leadership": 0.19127097253450748,
        "cross_client_compatibility": 0.18411560715447806
      },
      "originality_score": 0.47244444444444456,
      "parsing_method": "json",
      "parsing_success": true
    }
  },
  "per_criterion": {
    "protocol_implementation": {
      "mean": 0.18206623547547493,
      "median": 0.18206623547547493,
      "std": 0.0,
      "count": 1
    },
    "algorithmic_innovation": {
      "mean": 0.18121558869957166,
      "median": 0.18121558869957166,
      "std": 0.0,
      "count": 1
    },
    "developer_experience": {
      "mean": 0.185671006997341,
      "median": 0.185671006997341,
      "std": 0.0,
      "count": 1
    },
    "architectural_innovation": {
      "mean": 0.1834063862880454,
      "median": 0.1834063862880454,
      "std": 0.0,
      "count": 1
    },
    "security_innovation": {
      "mean": 0.1767387024910239,
      "median": 0.1767387024910239,
      "std": 0.0,
      "count": 1
    },
    "standards_leadership": {
      "mean": 0.19127097253450748,
      "median": 0.19127097253450748,
      "std": 0.0,
      "count": 1
    },
    "cross_client_compatibility": {
      "mean": 0.18411560715447806,
      "median": 0.18411560715447806,
      "std": 0.0,
      "count": 1
    }
  }
}