{
  "summary": {
    "overall_reasoning": {
      "mean": 0.1626503265667382,
      "median": 0.1626503265667382,
      "std": 0.0,
      "min": 0.1626503265667382,
      "max": 0.1626503265667382
    },
    "aggregate_criteria": {
      "mean": 0.16008791194298533,
      "median": 0.16008791194298533,
      "std": 0.0,
      "min": 0.16008791194298533,
      "max": 0.16008791194298533
    },
    "parsing_success_rate": 1.0
  },
  "per_repository": {
    "prysm": {
      "overall_reasoning_uncertainty": 0.1626503265667382,
      "aggregate_uncertainty": 0.16008791194298533,
      "criteria_uncertainties": {
        "protocol_implementation": 0.1608504107776641,
        "algorithmic_innovation": 0.16014364227761235,
        "developer_experience": 0.16058759995877786,
        "architectural_innovation": 0.16090822791825246,
        "security_innovation": 0.16072344552754456,
        "standards_leadership": 0.15872703163499338,
        "cross_client_compatibility": 0.1558890430817914
      },
      "originality_score": 0.6271111111111111,
      "parsing_method": "json",
      "parsing_success": true
    }
  },
  "per_criterion": {
    "protocol_implementation": {
      "mean": 0.1608504107776641,
      "median": 0.1608504107776641,
      "std": 0.0,
      "count": 1
    },
    "algorithmic_innovation": {
      "mean": 0.16014364227761235,
      "median": 0.16014364227761235,
      "std": 0.0,
      "count": 1
    },
    "developer_experience": {
      "mean": 0.16058759995877786,
      "median": 0.16058759995877786,
      "std": 0.0,
      "count": 1
    },
    "architectural_innovation": {
      "mean": 0.16090822791825246,
      "median": 0.16090822791825246,
      "std": 0.0,
      "count": 1
    },
    "security_innovation": {
      "mean": 0.16072344552754456,
      "median": 0.16072344552754456,
      "std": 0.0,
      "count": 1
    },
    "standards_leadership": {
      "mean": 0.15872703163499338,
      "median": 0.15872703163499338,
      "std": 0.0,
      "count": 1
    },
    "cross_client_compatibility": {
      "mean": 0.1558890430817914,
      "median": 0.1558890430817914,
      "std": 0.0,
      "count": 1
    }
  }
}