{
  "summary": {
    "overall_reasoning": {
      "mean": 0.2474030677993755,
      "median": 0.2474030677993755,
      "std": 0.0,
      "min": 0.2474030677993755,
      "max": 0.2474030677993755
    },
    "aggregate_criteria": {
      "mean": 0.5157797384318321,
      "median": 0.5157797384318321,
      "std": 0.0,
      "min": 0.5157797384318321,
      "max": 0.5157797384318321
    },
    "parsing_success_rate": 1.0
  },
  "per_repository": {
    "hardhat": {
      "overall_reasoning_uncertainty": 0.2474030677993755,
      "aggregate_uncertainty": 0.5157797384318321,
      "criteria_uncertainties": {
        "protocol_implementation": 0.7,
        "algorithmic_innovation": 0.7,
        "developer_experience": 0.24293713676576373,
        "architectural_innovation": 0.7,
        "security_innovation": 0.7,
        "standards_leadership": 0.7,
        "cross_client_compatibility": 0.21503481127629856
      },
      "originality_score": 0.5844444444444444,
      "parsing_method": "json",
      "parsing_success": true
    }
  },
  "per_criterion": {
    "protocol_implementation": {
      "mean": 0.7,
      "median": 0.7,
      "std": 0.0,
      "count": 1
    },
    "algorithmic_innovation": {
      "mean": 0.7,
      "median": 0.7,
      "std": 0.0,
      "count": 1
    },
    "developer_experience": {
      "mean": 0.24293713676576373,
      "median": 0.24293713676576373,
      "std": 0.0,
      "count": 1
    },
    "architectural_innovation": {
      "mean": 0.7,
      "median": 0.7,
      "std": 0.0,
      "count": 1
    },
    "security_innovation": {
      "mean": 0.7,
      "median": 0.7,
      "std": 0.0,
      "count": 1
    },
    "standards_leadership": {
      "mean": 0.7,
      "median": 0.7,
      "std": 0.0,
      "count": 1
    },
    "cross_client_compatibility": {
      "mean": 0.21503481127629856,
      "median": 0.21503481127629856,
      "std": 0.0,
      "count": 1
    }
  }
}