{
  "summary": {
    "overall_reasoning": {
      "mean": 0.15923602959252517,
      "median": 0.15923602959252517,
      "std": 0.0,
      "min": 0.15923602959252517,
      "max": 0.15923602959252517
    },
    "aggregate_criteria": {
      "mean": 0.15938402766824267,
      "median": 0.15938402766824267,
      "std": 0.0,
      "min": 0.15938402766824267,
      "max": 0.15938402766824267
    },
    "parsing_success_rate": 1.0
  },
  "per_repository": {
    "nethereum": {
      "overall_reasoning_uncertainty": 0.15923602959252517,
      "aggregate_uncertainty": 0.15938402766824267,
      "criteria_uncertainties": {
        "protocol_implementation": 0.15877187760863506,
        "algorithmic_innovation": 0.160624091466933,
        "developer_experience": 0.16044674499512732,
        "architectural_innovation": 0.15706433771109818,
        "security_innovation": 0.16235726436894846,
        "standards_leadership": 0.15852345942181234,
        "cross_client_compatibility": 0.15778241983738447
      },
      "originality_score": 0.4555555555555556,
      "parsing_method": "json",
      "parsing_success": true
    }
  },
  "per_criterion": {
    "protocol_implementation": {
      "mean": 0.15877187760863506,
      "median": 0.15877187760863506,
      "std": 0.0,
      "count": 1
    },
    "algorithmic_innovation": {
      "mean": 0.160624091466933,
      "median": 0.160624091466933,
      "std": 0.0,
      "count": 1
    },
    "developer_experience": {
      "mean": 0.16044674499512732,
      "median": 0.16044674499512732,
      "std": 0.0,
      "count": 1
    },
    "architectural_innovation": {
      "mean": 0.15706433771109818,
      "median": 0.15706433771109818,
      "std": 0.0,
      "count": 1
    },
    "security_innovation": {
      "mean": 0.16235726436894846,
      "median": 0.16235726436894846,
      "std": 0.0,
      "count": 1
    },
    "standards_leadership": {
      "mean": 0.15852345942181234,
      "median": 0.15852345942181234,
      "std": 0.0,
      "count": 1
    },
    "cross_client_compatibility": {
      "mean": 0.15778241983738447,
      "median": 0.15778241983738447,
      "std": 0.0,
      "count": 1
    }
  }
}