{
  "summary": {
    "overall_reasoning": {
      "mean": 0.17831978489540398,
      "median": 0.17831978489540398,
      "std": 0.0,
      "min": 0.17831978489540398,
      "max": 0.17831978489540398
    },
    "aggregate_criteria": {
      "mean": 0.1758526095352216,
      "median": 0.1758526095352216,
      "std": 0.0,
      "min": 0.1758526095352216,
      "max": 0.1758526095352216
    },
    "parsing_success_rate": 1.0
  },
  "per_repository": {
    "openzeppelin-contracts": {
      "overall_reasoning_uncertainty": 0.17831978489540398,
      "aggregate_uncertainty": 0.1758526095352216,
      "criteria_uncertainties": {
        "protocol_implementation": 0.17474024147170797,
        "algorithmic_innovation": 0.1802342741716528,
        "developer_experience": 0.17940614584875855,
        "architectural_innovation": 0.1789139939817311,
        "security_innovation": 0.1757079960169517,
        "standards_leadership": 0.17045192579390744,
        "cross_client_compatibility": 0.16806276605774687
      },
      "originality_score": 0.7426666666666667,
      "parsing_method": "json",
      "parsing_success": true
    }
  },
  "per_criterion": {
    "protocol_implementation": {
      "mean": 0.17474024147170797,
      "median": 0.17474024147170797,
      "std": 0.0,
      "count": 1
    },
    "algorithmic_innovation": {
      "mean": 0.1802342741716528,
      "median": 0.1802342741716528,
      "std": 0.0,
      "count": 1
    },
    "developer_experience": {
      "mean": 0.17940614584875855,
      "median": 0.17940614584875855,
      "std": 0.0,
      "count": 1
    },
    "architectural_innovation": {
      "mean": 0.1789139939817311,
      "median": 0.1789139939817311,
      "std": 0.0,
      "count": 1
    },
    "security_innovation": {
      "mean": 0.1757079960169517,
      "median": 0.1757079960169517,
      "std": 0.0,
      "count": 1
    },
    "standards_leadership": {
      "mean": 0.17045192579390744,
      "median": 0.17045192579390744,
      "std": 0.0,
      "count": 1
    },
    "cross_client_compatibility": {
      "mean": 0.16806276605774687,
      "median": 0.16806276605774687,
      "std": 0.0,
      "count": 1
    }
  }
}