{
  "summary": {
    "overall_reasoning": {
      "mean": 0.17249186072747122,
      "median": 0.17249186072747122,
      "std": 0.0,
      "min": 0.17249186072747122,
      "max": 0.17249186072747122
    },
    "aggregate_criteria": {
      "mean": 0.16969415129671636,
      "median": 0.16969415129671636,
      "std": 0.0,
      "min": 0.16969415129671636,
      "max": 0.16969415129671636
    },
    "parsing_success_rate": 1.0
  },
  "per_repository": {
    "solidity": {
      "overall_reasoning_uncertainty": 0.17249186072747122,
      "aggregate_uncertainty": 0.16969415129671636,
      "criteria_uncertainties": {
        "protocol_implementation": 0.1724529429149921,
        "algorithmic_innovation": 0.17314358692181991,
        "developer_experience": 0.16755679815074973,
        "architectural_innovation": 0.17141812825175834,
        "security_innovation": 0.1682485748557456,
        "standards_leadership": 0.1659635025785341,
        "cross_client_compatibility": 0.17022833626661982
      },
      "originality_score": 0.7364444444444445,
      "parsing_method": "json",
      "parsing_success": true
    }
  },
  "per_criterion": {
    "protocol_implementation": {
      "mean": 0.1724529429149921,
      "median": 0.1724529429149921,
      "std": 0.0,
      "count": 1
    },
    "algorithmic_innovation": {
      "mean": 0.17314358692181991,
      "median": 0.17314358692181991,
      "std": 0.0,
      "count": 1
    },
    "developer_experience": {
      "mean": 0.16755679815074973,
      "median": 0.16755679815074973,
      "std": 0.0,
      "count": 1
    },
    "architectural_innovation": {
      "mean": 0.17141812825175834,
      "median": 0.17141812825175834,
      "std": 0.0,
      "count": 1
    },
    "security_innovation": {
      "mean": 0.1682485748557456,
      "median": 0.1682485748557456,
      "std": 0.0,
      "count": 1
    },
    "standards_leadership": {
      "mean": 0.1659635025785341,
      "median": 0.1659635025785341,
      "std": 0.0,
      "count": 1
    },
    "cross_client_compatibility": {
      "mean": 0.17022833626661982,
      "median": 0.17022833626661982,
      "std": 0.0,
      "count": 1
    }
  }
}