{
  "summary": {
    "overall_reasoning": {
      "mean": 0.1557285132388202,
      "median": 0.1557285132388202,
      "std": 0.0,
      "min": 0.1557285132388202,
      "max": 0.1557285132388202
    },
    "aggregate_criteria": {
      "mean": 0.15505599183161664,
      "median": 0.15505599183161664,
      "std": 0.0,
      "min": 0.15505599183161664,
      "max": 0.15505599183161664
    },
    "parsing_success_rate": 1.0
  },
  "per_repository": {
    "titanoboa": {
      "overall_reasoning_uncertainty": 0.1557285132388202,
      "aggregate_uncertainty": 0.15505599183161664,
      "criteria_uncertainties": {
        "protocol_implementation": 0.14935233199189943,
        "algorithmic_innovation": 0.1536977735805367,
        "developer_experience": 0.1558766116242622,
        "architectural_innovation": 0.15769150828084635,
        "security_innovation": 0.162392470689919,
        "standards_leadership": 0.15455477114762645,
        "cross_client_compatibility": 0.15030697375135751
      },
      "originality_score": 0.4475555555555557,
      "parsing_method": "json",
      "parsing_success": true
    }
  },
  "per_criterion": {
    "protocol_implementation": {
      "mean": 0.14935233199189943,
      "median": 0.14935233199189943,
      "std": 0.0,
      "count": 1
    },
    "algorithmic_innovation": {
      "mean": 0.1536977735805367,
      "median": 0.1536977735805367,
      "std": 0.0,
      "count": 1
    },
    "developer_experience": {
      "mean": 0.1558766116242622,
      "median": 0.1558766116242622,
      "std": 0.0,
      "count": 1
    },
    "architectural_innovation": {
      "mean": 0.15769150828084635,
      "median": 0.15769150828084635,
      "std": 0.0,
      "count": 1
    },
    "security_innovation": {
      "mean": 0.162392470689919,
      "median": 0.162392470689919,
      "std": 0.0,
      "count": 1
    },
    "standards_leadership": {
      "mean": 0.15455477114762645,
      "median": 0.15455477114762645,
      "std": 0.0,
      "count": 1
    },
    "cross_client_compatibility": {
      "mean": 0.15030697375135751,
      "median": 0.15030697375135751,
      "std": 0.0,
      "count": 1
    }
  }
}