{
  "summary": {
    "overall_reasoning": {
      "mean": 0.1771040730306467,
      "median": 0.1771040730306467,
      "std": 0.0,
      "min": 0.1771040730306467,
      "max": 0.1771040730306467
    },
    "aggregate_criteria": {
      "mean": 0.17529152459823408,
      "median": 0.17529152459823408,
      "std": 0.0,
      "min": 0.17529152459823408,
      "max": 0.17529152459823408
    },
    "parsing_success_rate": 1.0
  },
  "per_repository": {
    "nethermind": {
      "overall_reasoning_uncertainty": 0.1771040730306467,
      "aggregate_uncertainty": 0.17529152459823408,
      "criteria_uncertainties": {
        "protocol_implementation": 0.17569056166591618,
        "algorithmic_innovation": 0.1708233571163061,
        "developer_experience": 0.18195165815705439,
        "architectural_innovation": 0.1749006301526413,
        "security_innovation": 0.18290167968764695,
        "standards_leadership": 0.16822033970855266,
        "cross_client_compatibility": 0.17439570672955212
      },
      "originality_score": 0.652888888888889,
      "parsing_method": "json",
      "parsing_success": true
    }
  },
  "per_criterion": {
    "protocol_implementation": {
      "mean": 0.17569056166591618,
      "median": 0.17569056166591618,
      "std": 0.0,
      "count": 1
    },
    "algorithmic_innovation": {
      "mean": 0.1708233571163061,
      "median": 0.1708233571163061,
      "std": 0.0,
      "count": 1
    },
    "developer_experience": {
      "mean": 0.18195165815705439,
      "median": 0.18195165815705439,
      "std": 0.0,
      "count": 1
    },
    "architectural_innovation": {
      "mean": 0.1749006301526413,
      "median": 0.1749006301526413,
      "std": 0.0,
      "count": 1
    },
    "security_innovation": {
      "mean": 0.18290167968764695,
      "median": 0.18290167968764695,
      "std": 0.0,
      "count": 1
    },
    "standards_leadership": {
      "mean": 0.16822033970855266,
      "median": 0.16822033970855266,
      "std": 0.0,
      "count": 1
    },
    "cross_client_compatibility": {
      "mean": 0.17439570672955212,
      "median": 0.17439570672955212,
      "std": 0.0,
      "count": 1
    }
  }
}