{
  "summary": {
    "overall_reasoning": {
      "mean": 0.17277719900593683,
      "median": 0.17277719900593683,
      "std": 0.0,
      "min": 0.17277719900593683,
      "max": 0.17277719900593683
    },
    "aggregate_criteria": {
      "mean": 0.1722659383254292,
      "median": 0.1722659383254292,
      "std": 0.0,
      "min": 0.1722659383254292,
      "max": 0.1722659383254292
    },
    "parsing_success_rate": 1.0
  },
  "per_repository": {
    "lodestar": {
      "overall_reasoning_uncertainty": 0.17277719900593683,
      "aggregate_uncertainty": 0.1722659383254292,
      "criteria_uncertainties": {
        "protocol_implementation": 0.17359623272448638,
        "algorithmic_innovation": 0.1702709927161915,
        "developer_experience": 0.17275501273606403,
        "architectural_innovation": 0.17358436772085514,
        "security_innovation": 0.16890876958552795,
        "standards_leadership": 0.17756706068714911,
        "cross_client_compatibility": 0.17046148217842916
      },
      "originality_score": 0.5942222222222222,
      "parsing_method": "json",
      "parsing_success": true
    }
  },
  "per_criterion": {
    "protocol_implementation": {
      "mean": 0.17359623272448638,
      "median": 0.17359623272448638,
      "std": 0.0,
      "count": 1
    },
    "algorithmic_innovation": {
      "mean": 0.1702709927161915,
      "median": 0.1702709927161915,
      "std": 0.0,
      "count": 1
    },
    "developer_experience": {
      "mean": 0.17275501273606403,
      "median": 0.17275501273606403,
      "std": 0.0,
      "count": 1
    },
    "architectural_innovation": {
      "mean": 0.17358436772085514,
      "median": 0.17358436772085514,
      "std": 0.0,
      "count": 1
    },
    "security_innovation": {
      "mean": 0.16890876958552795,
      "median": 0.16890876958552795,
      "std": 0.0,
      "count": 1
    },
    "standards_leadership": {
      "mean": 0.17756706068714911,
      "median": 0.17756706068714911,
      "std": 0.0,
      "count": 1
    },
    "cross_client_compatibility": {
      "mean": 0.17046148217842916,
      "median": 0.17046148217842916,
      "std": 0.0,
      "count": 1
    }
  }
}