{
  "summary": {
    "overall_reasoning": {
      "mean": 0.18736390700529523,
      "median": 0.18736390700529523,
      "std": 0.0,
      "min": 0.18736390700529523,
      "max": 0.18736390700529523
    },
    "aggregate_criteria": {
      "mean": 0.1836409047025479,
      "median": 0.1836409047025479,
      "std": 0.0,
      "min": 0.1836409047025479,
      "max": 0.1836409047025479
    },
    "parsing_success_rate": 1.0
  },
  "per_repository": {
    "besu": {
      "overall_reasoning_uncertainty": 0.18736390700529523,
      "aggregate_uncertainty": 0.1836409047025479,
      "criteria_uncertainties": {
        "protocol_implementation": 0.18311197778704646,
        "algorithmic_innovation": 0.18392036653681515,
        "developer_experience": 0.1875831863380885,
        "architectural_innovation": 0.184880660819212,
        "security_innovation": 0.18571341721800366,
        "standards_leadership": 0.17604841085872122,
        "cross_client_compatibility": 0.1817566115767267
      },
      "originality_score": 0.5560000000000002,
      "parsing_method": "json",
      "parsing_success": true
    }
  },
  "per_criterion": {
    "protocol_implementation": {
      "mean": 0.18311197778704646,
      "median": 0.18311197778704646,
      "std": 0.0,
      "count": 1
    },
    "algorithmic_innovation": {
      "mean": 0.18392036653681515,
      "median": 0.18392036653681515,
      "std": 0.0,
      "count": 1
    },
    "developer_experience": {
      "mean": 0.1875831863380885,
      "median": 0.1875831863380885,
      "std": 0.0,
      "count": 1
    },
    "architectural_innovation": {
      "mean": 0.184880660819212,
      "median": 0.184880660819212,
      "std": 0.0,
      "count": 1
    },
    "security_innovation": {
      "mean": 0.18571341721800366,
      "median": 0.18571341721800366,
      "std": 0.0,
      "count": 1
    },
    "standards_leadership": {
      "mean": 0.17604841085872122,
      "median": 0.17604841085872122,
      "std": 0.0,
      "count": 1
    },
    "cross_client_compatibility": {
      "mean": 0.1817566115767267,
      "median": 0.1817566115767267,
      "std": 0.0,
      "count": 1
    }
  }
}