{
  "summary": {
    "overall_reasoning": {
      "mean": 0.1745579567883689,
      "median": 0.1745579567883689,
      "std": 0.0,
      "min": 0.1745579567883689,
      "max": 0.1745579567883689
    },
    "aggregate_criteria": {
      "mean": 0.17116708984809026,
      "median": 0.17116708984809026,
      "std": 0.0,
      "min": 0.17116708984809026,
      "max": 0.17116708984809026
    },
    "parsing_success_rate": 1.0
  },
  "per_repository": {
    "fe": {
      "overall_reasoning_uncertainty": 0.1745579567883689,
      "aggregate_uncertainty": 0.17116708984809026,
      "criteria_uncertainties": {
        "protocol_implementation": 0.17052205325439268,
        "algorithmic_innovation": 0.17682041972791984,
        "developer_experience": 0.17139444918848604,
        "architectural_innovation": 0.17495790122944535,
        "security_innovation": 0.16889786419573738,
        "standards_leadership": 0.16555016489443397,
        "cross_client_compatibility": 0.17185429996476428
      },
      "originality_score": 0.5888888888888889,
      "parsing_method": "json",
      "parsing_success": true
    }
  },
  "per_criterion": {
    "protocol_implementation": {
      "mean": 0.17052205325439268,
      "median": 0.17052205325439268,
      "std": 0.0,
      "count": 1
    },
    "algorithmic_innovation": {
      "mean": 0.17682041972791984,
      "median": 0.17682041972791984,
      "std": 0.0,
      "count": 1
    },
    "developer_experience": {
      "mean": 0.17139444918848604,
      "median": 0.17139444918848604,
      "std": 0.0,
      "count": 1
    },
    "architectural_innovation": {
      "mean": 0.17495790122944535,
      "median": 0.17495790122944535,
      "std": 0.0,
      "count": 1
    },
    "security_innovation": {
      "mean": 0.16889786419573738,
      "median": 0.16889786419573738,
      "std": 0.0,
      "count": 1
    },
    "standards_leadership": {
      "mean": 0.16555016489443397,
      "median": 0.16555016489443397,
      "std": 0.0,
      "count": 1
    },
    "cross_client_compatibility": {
      "mean": 0.17185429996476428,
      "median": 0.17185429996476428,
      "std": 0.0,
      "count": 1
    }
  }
}