{
  "summary": {
    "overall_reasoning": {
      "mean": 0.17337039317938369,
      "median": 0.17337039317938369,
      "std": 0.0,
      "min": 0.17337039317938369,
      "max": 0.17337039317938369
    },
    "aggregate_criteria": {
      "mean": 0.17057232200193306,
      "median": 0.17057232200193306,
      "std": 0.0,
      "min": 0.17057232200193306,
      "max": 0.17057232200193306
    },
    "parsing_success_rate": 1.0
  },
  "per_repository": {
    "foundry": {
      "overall_reasoning_uncertainty": 0.17337039317938369,
      "aggregate_uncertainty": 0.17057232200193306,
      "criteria_uncertainties": {
        "protocol_implementation": 0.1670933989939087,
        "algorithmic_innovation": 0.1679384779175676,
        "developer_experience": 0.16984913542011026,
        "architectural_innovation": 0.17139340966233918,
        "security_innovation": 0.1790828295070066,
        "standards_leadership": 0.16495660313985985,
        "cross_client_compatibility": 0.17100858734890043
      },
      "originality_score": 0.7417777777777776,
      "parsing_method": "json",
      "parsing_success": true
    }
  },
  "per_criterion": {
    "protocol_implementation": {
      "mean": 0.1670933989939087,
      "median": 0.1670933989939087,
      "std": 0.0,
      "count": 1
    },
    "algorithmic_innovation": {
      "mean": 0.1679384779175676,
      "median": 0.1679384779175676,
      "std": 0.0,
      "count": 1
    },
    "developer_experience": {
      "mean": 0.16984913542011026,
      "median": 0.16984913542011026,
      "std": 0.0,
      "count": 1
    },
    "architectural_innovation": {
      "mean": 0.17139340966233918,
      "median": 0.17139340966233918,
      "std": 0.0,
      "count": 1
    },
    "security_innovation": {
      "mean": 0.1790828295070066,
      "median": 0.1790828295070066,
      "std": 0.0,
      "count": 1
    },
    "standards_leadership": {
      "mean": 0.16495660313985985,
      "median": 0.16495660313985985,
      "std": 0.0,
      "count": 1
    },
    "cross_client_compatibility": {
      "mean": 0.17100858734890043,
      "median": 0.17100858734890043,
      "std": 0.0,
      "count": 1
    }
  }
}