{
  "summary": {
    "overall_reasoning": {
      "mean": 0.17760014748899938,
      "median": 0.17760014748899938,
      "std": 0.0,
      "min": 0.17760014748899938,
      "max": 0.17760014748899938
    },
    "aggregate_criteria": {
      "mean": 0.17731121917356085,
      "median": 0.17731121917356085,
      "std": 0.0,
      "min": 0.17731121917356085,
      "max": 0.17731121917356085
    },
    "parsing_success_rate": 1.0
  },
  "per_repository": {
    "erigon": {
      "overall_reasoning_uncertainty": 0.17760014748899938,
      "aggregate_uncertainty": 0.17731121917356085,
      "criteria_uncertainties": {
        "protocol_implementation": 0.18223125324613065,
        "algorithmic_innovation": 0.17436415212972883,
        "developer_experience": 0.18012914463957722,
        "architectural_innovation": 0.1769957631327253,
        "security_innovation": 0.174786281145226,
        "standards_leadership": 0.1753399711975425,
        "cross_client_compatibility": 0.17286827532988447
      },
      "originality_score": 0.7124444444444447,
      "parsing_method": "json",
      "parsing_success": true
    }
  },
  "per_criterion": {
    "protocol_implementation": {
      "mean": 0.18223125324613065,
      "median": 0.18223125324613065,
      "std": 0.0,
      "count": 1
    },
    "algorithmic_innovation": {
      "mean": 0.17436415212972883,
      "median": 0.17436415212972883,
      "std": 0.0,
      "count": 1
    },
    "developer_experience": {
      "mean": 0.18012914463957722,
      "median": 0.18012914463957722,
      "std": 0.0,
      "count": 1
    },
    "architectural_innovation": {
      "mean": 0.1769957631327253,
      "median": 0.1769957631327253,
      "std": 0.0,
      "count": 1
    },
    "security_innovation": {
      "mean": 0.174786281145226,
      "median": 0.174786281145226,
      "std": 0.0,
      "count": 1
    },
    "standards_leadership": {
      "mean": 0.1753399711975425,
      "median": 0.1753399711975425,
      "std": 0.0,
      "count": 1
    },
    "cross_client_compatibility": {
      "mean": 0.17286827532988447,
      "median": 0.17286827532988447,
      "std": 0.0,
      "count": 1
    }
  }
}