{
  "summary": {
    "overall_reasoning": {
      "mean": 0.1692381141845198,
      "median": 0.1692381141845198,
      "std": 0.0,
      "min": 0.1692381141845198,
      "max": 0.1692381141845198
    },
    "aggregate_criteria": {
      "mean": 0.17117973761385438,
      "median": 0.17117973761385438,
      "std": 0.0,
      "min": 0.17117973761385438,
      "max": 0.17117973761385438
    },
    "parsing_success_rate": 1.0
  },
  "per_repository": {
    "reth": {
      "overall_reasoning_uncertainty": 0.1692381141845198,
      "aggregate_uncertainty": 0.17117973761385438,
      "criteria_uncertainties": {
        "protocol_implementation": 0.1761934724002599,
        "algorithmic_innovation": 0.1681339693128329,
        "developer_experience": 0.16843139794677034,
        "architectural_innovation": 0.17444270149555616,
        "security_innovation": 0.17001316207579975,
        "standards_leadership": 0.16428625004273273,
        "cross_client_compatibility": 0.169848397418014
      },
      "originality_score": 0.7453333333333335,
      "parsing_method": "json",
      "parsing_success": true
    }
  },
  "per_criterion": {
    "protocol_implementation": {
      "mean": 0.1761934724002599,
      "median": 0.1761934724002599,
      "std": 0.0,
      "count": 1
    },
    "algorithmic_innovation": {
      "mean": 0.1681339693128329,
      "median": 0.1681339693128329,
      "std": 0.0,
      "count": 1
    },
    "developer_experience": {
      "mean": 0.16843139794677034,
      "median": 0.16843139794677034,
      "std": 0.0,
      "count": 1
    },
    "architectural_innovation": {
      "mean": 0.17444270149555616,
      "median": 0.17444270149555616,
      "std": 0.0,
      "count": 1
    },
    "security_innovation": {
      "mean": 0.17001316207579975,
      "median": 0.17001316207579975,
      "std": 0.0,
      "count": 1
    },
    "standards_leadership": {
      "mean": 0.16428625004273273,
      "median": 0.16428625004273273,
      "std": 0.0,
      "count": 1
    },
    "cross_client_compatibility": {
      "mean": 0.169848397418014,
      "median": 0.169848397418014,
      "std": 0.0,
      "count": 1
    }
  }
}