{
  "summary": {
    "overall_reasoning": {
      "mean": 0.1596050384724006,
      "median": 0.1596050384724006,
      "std": 0.0,
      "min": 0.1596050384724006,
      "max": 0.1596050384724006
    },
    "aggregate_criteria": {
      "mean": 0.1564296821245356,
      "median": 0.1564296821245356,
      "std": 0.0,
      "min": 0.1564296821245356,
      "max": 0.1564296821245356
    },
    "parsing_success_rate": 1.0
  },
  "per_repository": {
    "scaffold-eth-2": {
      "overall_reasoning_uncertainty": 0.1596050384724006,
      "aggregate_uncertainty": 0.1564296821245356,
      "criteria_uncertainties": {
        "protocol_implementation": 0.1568410256121772,
        "algorithmic_innovation": 0.15482629668962625,
        "developer_experience": 0.15909026128731787,
        "architectural_innovation": 0.155966979711512,
        "security_innovation": 0.1570534029179709,
        "standards_leadership": 0.15446626118114934,
        "cross_client_compatibility": 0.15386226467816747
      },
      "originality_score": 0.47244444444444456,
      "parsing_method": "json",
      "parsing_success": true
    }
  },
  "per_criterion": {
    "protocol_implementation": {
      "mean": 0.1568410256121772,
      "median": 0.1568410256121772,
      "std": 0.0,
      "count": 1
    },
    "algorithmic_innovation": {
      "mean": 0.15482629668962625,
      "median": 0.15482629668962625,
      "std": 0.0,
      "count": 1
    },
    "developer_experience": {
      "mean": 0.15909026128731787,
      "median": 0.15909026128731787,
      "std": 0.0,
      "count": 1
    },
    "architectural_innovation": {
      "mean": 0.155966979711512,
      "median": 0.155966979711512,
      "std": 0.0,
      "count": 1
    },
    "security_innovation": {
      "mean": 0.1570534029179709,
      "median": 0.1570534029179709,
      "std": 0.0,
      "count": 1
    },
    "standards_leadership": {
      "mean": 0.15446626118114934,
      "median": 0.15446626118114934,
      "std": 0.0,
      "count": 1
    },
    "cross_client_compatibility": {
      "mean": 0.15386226467816747,
      "median": 0.15386226467816747,
      "std": 0.0,
      "count": 1
    }
  }
}