{
  "summary": {
    "overall_reasoning": {
      "mean": 0.16462958652355816,
      "median": 0.16462958652355816,
      "std": 0.0,
      "min": 0.16462958652355816,
      "max": 0.16462958652355816
    },
    "aggregate_criteria": {
      "mean": 0.16234506355046568,
      "median": 0.16234506355046568,
      "std": 0.0,
      "min": 0.16234506355046568,
      "max": 0.16234506355046568
    },
    "parsing_success_rate": 1.0
  },
  "per_repository": {
    "go-ethereum": {
      "overall_reasoning_uncertainty": 0.16462958652355816,
      "aggregate_uncertainty": 0.16234506355046568,
      "criteria_uncertainties": {
        "protocol_implementation": 0.16233521371667523,
        "algorithmic_innovation": 0.16631332799370188,
        "developer_experience": 0.1642399190309981,
        "architectural_innovation": 0.16033553471666104,
        "security_innovation": 0.15997133815951134,
        "standards_leadership": 0.15689109781003327,
        "cross_client_compatibility": 0.1618769681017428
      },
      "originality_score": 0.7666666666666668,
      "parsing_method": "json",
      "parsing_success": true
    }
  },
  "per_criterion": {
    "protocol_implementation": {
      "mean": 0.16233521371667523,
      "median": 0.16233521371667523,
      "std": 0.0,
      "count": 1
    },
    "algorithmic_innovation": {
      "mean": 0.16631332799370188,
      "median": 0.16631332799370188,
      "std": 0.0,
      "count": 1
    },
    "developer_experience": {
      "mean": 0.1642399190309981,
      "median": 0.1642399190309981,
      "std": 0.0,
      "count": 1
    },
    "architectural_innovation": {
      "mean": 0.16033553471666104,
      "median": 0.16033553471666104,
      "std": 0.0,
      "count": 1
    },
    "security_innovation": {
      "mean": 0.15997133815951134,
      "median": 0.15997133815951134,
      "std": 0.0,
      "count": 1
    },
    "standards_leadership": {
      "mean": 0.15689109781003327,
      "median": 0.15689109781003327,
      "std": 0.0,
      "count": 1
    },
    "cross_client_compatibility": {
      "mean": 0.1618769681017428,
      "median": 0.1618769681017428,
      "std": 0.0,
      "count": 1
    }
  }
}