{
  "summary": {
    "overall_reasoning": {
      "mean": 0.15952318289455028,
      "median": 0.15952318289455028,
      "std": 0.0,
      "min": 0.15952318289455028,
      "max": 0.15952318289455028
    },
    "aggregate_criteria": {
      "mean": 0.15610093268449443,
      "median": 0.15610093268449443,
      "std": 0.0,
      "min": 0.15610093268449443,
      "max": 0.15610093268449443
    },
    "parsing_success_rate": 1.0
  },
  "per_repository": {
    "sourcify": {
      "overall_reasoning_uncertainty": 0.15952318289455028,
      "aggregate_uncertainty": 0.15610093268449443,
      "criteria_uncertainties": {
        "protocol_implementation": 0.15758612140127556,
        "algorithmic_innovation": 0.16005902772440936,
        "developer_experience": 0.15295250097816518,
        "architectural_innovation": 0.15300929477180714,
        "security_innovation": 0.16647770044669408,
        "standards_leadership": 0.1525889783306974,
        "cross_client_compatibility": 0.15495277776474217
      },
      "originality_score": 0.5257777777777779,
      "parsing_method": "json",
      "parsing_success": true
    }
  },
  "per_criterion": {
    "protocol_implementation": {
      "mean": 0.15758612140127556,
      "median": 0.15758612140127556,
      "std": 0.0,
      "count": 1
    },
    "algorithmic_innovation": {
      "mean": 0.16005902772440936,
      "median": 0.16005902772440936,
      "std": 0.0,
      "count": 1
    },
    "developer_experience": {
      "mean": 0.15295250097816518,
      "median": 0.15295250097816518,
      "std": 0.0,
      "count": 1
    },
    "architectural_innovation": {
      "mean": 0.15300929477180714,
      "median": 0.15300929477180714,
      "std": 0.0,
      "count": 1
    },
    "security_innovation": {
      "mean": 0.16647770044669408,
      "median": 0.16647770044669408,
      "std": 0.0,
      "count": 1
    },
    "standards_leadership": {
      "mean": 0.1525889783306974,
      "median": 0.1525889783306974,
      "std": 0.0,
      "count": 1
    },
    "cross_client_compatibility": {
      "mean": 0.15495277776474217,
      "median": 0.15495277776474217,
      "std": 0.0,
      "count": 1
    }
  }
}