{
  "summary": {
    "overall_reasoning": {
      "mean": 0.16899781702505862,
      "median": 0.16899781702505862,
      "std": 0.0,
      "min": 0.16899781702505862,
      "max": 0.16899781702505862
    },
    "aggregate_criteria": {
      "mean": 0.16719149428908608,
      "median": 0.16719149428908608,
      "std": 0.0,
      "min": 0.16719149428908608,
      "max": 0.16719149428908608
    },
    "parsing_success_rate": 1.0
  },
  "per_repository": {
    "ape": {
      "overall_reasoning_uncertainty": 0.16899781702505862,
      "aggregate_uncertainty": 0.16719149428908608,
      "criteria_uncertainties": {
        "protocol_implementation": 0.16444206503182404,
        "algorithmic_innovation": 0.16577952070553587,
        "developer_experience": 0.1684153097695068,
        "architectural_innovation": 0.16585648742685422,
        "security_innovation": 0.1694408127669301,
        "standards_leadership": 0.1645205457099386,
        "cross_client_compatibility": 0.1698724051696612
      },
      "originality_score": 0.5373333333333333,
      "parsing_method": "json",
      "parsing_success": true
    }
  },
  "per_criterion": {
    "protocol_implementation": {
      "mean": 0.16444206503182404,
      "median": 0.16444206503182404,
      "std": 0.0,
      "count": 1
    },
    "algorithmic_innovation": {
      "mean": 0.16577952070553587,
      "median": 0.16577952070553587,
      "std": 0.0,
      "count": 1
    },
    "developer_experience": {
      "mean": 0.1684153097695068,
      "median": 0.1684153097695068,
      "std": 0.0,
      "count": 1
    },
    "architectural_innovation": {
      "mean": 0.16585648742685422,
      "median": 0.16585648742685422,
      "std": 0.0,
      "count": 1
    },
    "security_innovation": {
      "mean": 0.1694408127669301,
      "median": 0.1694408127669301,
      "std": 0.0,
      "count": 1
    },
    "standards_leadership": {
      "mean": 0.1645205457099386,
      "median": 0.1645205457099386,
      "std": 0.0,
      "count": 1
    },
    "cross_client_compatibility": {
      "mean": 0.1698724051696612,
      "median": 0.1698724051696612,
      "std": 0.0,
      "count": 1
    }
  }
}