{
  "summary": {
    "overall_reasoning": {
      "mean": 0.1610387598809696,
      "median": 0.1610387598809696,
      "std": 0.0,
      "min": 0.1610387598809696,
      "max": 0.1610387598809696
    },
    "aggregate_criteria": {
      "mean": 0.1600736794552786,
      "median": 0.1600736794552786,
      "std": 0.0,
      "min": 0.1600736794552786,
      "max": 0.1600736794552786
    },
    "parsing_success_rate": 1.0
  },
  "per_repository": {
    "ethers.js": {
      "overall_reasoning_uncertainty": 0.1610387598809696,
      "aggregate_uncertainty": 0.1600736794552786,
      "criteria_uncertainties": {
        "protocol_implementation": 0.15934376941257364,
        "algorithmic_innovation": 0.16052859966275584,
        "developer_experience": 0.1621552274666392,
        "architectural_innovation": 0.16289413938082392,
        "security_innovation": 0.16094407032725666,
        "standards_leadership": 0.15183822919908185,
        "cross_client_compatibility": 0.16167618006336015
      },
      "originality_score": 0.6839999999999999,
      "parsing_method": "json",
      "parsing_success": true
    }
  },
  "per_criterion": {
    "protocol_implementation": {
      "mean": 0.15934376941257364,
      "median": 0.15934376941257364,
      "std": 0.0,
      "count": 1
    },
    "algorithmic_innovation": {
      "mean": 0.16052859966275584,
      "median": 0.16052859966275584,
      "std": 0.0,
      "count": 1
    },
    "developer_experience": {
      "mean": 0.1621552274666392,
      "median": 0.1621552274666392,
      "std": 0.0,
      "count": 1
    },
    "architectural_innovation": {
      "mean": 0.16289413938082392,
      "median": 0.16289413938082392,
      "std": 0.0,
      "count": 1
    },
    "security_innovation": {
      "mean": 0.16094407032725666,
      "median": 0.16094407032725666,
      "std": 0.0,
      "count": 1
    },
    "standards_leadership": {
      "mean": 0.15183822919908185,
      "median": 0.15183822919908185,
      "std": 0.0,
      "count": 1
    },
    "cross_client_compatibility": {
      "mean": 0.16167618006336015,
      "median": 0.16167618006336015,
      "std": 0.0,
      "count": 1
    }
  }
}