{
  "summary": {
    "overall_reasoning": {
      "mean": 0.1730781445077858,
      "median": 0.1730781445077858,
      "std": 0.0,
      "min": 0.1730781445077858,
      "max": 0.1730781445077858
    },
    "aggregate_criteria": {
      "mean": 0.17266256797505874,
      "median": 0.17266256797505874,
      "std": 0.0,
      "min": 0.17266256797505874,
      "max": 0.17266256797505874
    },
    "parsing_success_rate": 1.0
  },
  "per_repository": {
    "py-evm": {
      "overall_reasoning_uncertainty": 0.1730781445077858,
      "aggregate_uncertainty": 0.17266256797505874,
      "criteria_uncertainties": {
        "protocol_implementation": 0.17042283804866948,
        "algorithmic_innovation": 0.1754144254689598,
        "developer_experience": 0.17538766048249013,
        "architectural_innovation": 0.1721187006793907,
        "security_innovation": 0.17254408292679618,
        "standards_leadership": 0.17095887162953122,
        "cross_client_compatibility": 0.17348780102935094
      },
      "originality_score": 0.5933333333333334,
      "parsing_method": "json",
      "parsing_success": true
    }
  },
  "per_criterion": {
    "protocol_implementation": {
      "mean": 0.17042283804866948,
      "median": 0.17042283804866948,
      "std": 0.0,
      "count": 1
    },
    "algorithmic_innovation": {
      "mean": 0.1754144254689598,
      "median": 0.1754144254689598,
      "std": 0.0,
      "count": 1
    },
    "developer_experience": {
      "mean": 0.17538766048249013,
      "median": 0.17538766048249013,
      "std": 0.0,
      "count": 1
    },
    "architectural_innovation": {
      "mean": 0.1721187006793907,
      "median": 0.1721187006793907,
      "std": 0.0,
      "count": 1
    },
    "security_innovation": {
      "mean": 0.17254408292679618,
      "median": 0.17254408292679618,
      "std": 0.0,
      "count": 1
    },
    "standards_leadership": {
      "mean": 0.17095887162953122,
      "median": 0.17095887162953122,
      "std": 0.0,
      "count": 1
    },
    "cross_client_compatibility": {
      "mean": 0.17348780102935094,
      "median": 0.17348780102935094,
      "std": 0.0,
      "count": 1
    }
  }
}