{
  "summary": {
    "overall_reasoning": {
      "mean": 0.1673804848472025,
      "median": 0.1673804848472025,
      "std": 0.0,
      "min": 0.1673804848472025,
      "max": 0.1673804848472025
    },
    "aggregate_criteria": {
      "mean": 0.16728429137382161,
      "median": 0.16728429137382161,
      "std": 0.0,
      "min": 0.16728429137382161,
      "max": 0.16728429137382161
    },
    "parsing_success_rate": 1.0
  },
  "per_repository": {
    "helios": {
      "overall_reasoning_uncertainty": 0.1673804848472025,
      "aggregate_uncertainty": 0.16728429137382161,
      "criteria_uncertainties": {
        "protocol_implementation": 0.16795966296289683,
        "algorithmic_innovation": 0.1657360857444584,
        "developer_experience": 0.16619075656990923,
        "architectural_innovation": 0.17022070151845503,
        "security_innovation": 0.16548154279308122,
        "standards_leadership": 0.16608463104885865,
        "cross_client_compatibility": 0.16924686156612032
      },
      "originality_score": 0.6884444444444444,
      "parsing_method": "json",
      "parsing_success": true
    }
  },
  "per_criterion": {
    "protocol_implementation": {
      "mean": 0.16795966296289683,
      "median": 0.16795966296289683,
      "std": 0.0,
      "count": 1
    },
    "algorithmic_innovation": {
      "mean": 0.1657360857444584,
      "median": 0.1657360857444584,
      "std": 0.0,
      "count": 1
    },
    "developer_experience": {
      "mean": 0.16619075656990923,
      "median": 0.16619075656990923,
      "std": 0.0,
      "count": 1
    },
    "architectural_innovation": {
      "mean": 0.17022070151845503,
      "median": 0.17022070151845503,
      "std": 0.0,
      "count": 1
    },
    "security_innovation": {
      "mean": 0.16548154279308122,
      "median": 0.16548154279308122,
      "std": 0.0,
      "count": 1
    },
    "standards_leadership": {
      "mean": 0.16608463104885865,
      "median": 0.16608463104885865,
      "std": 0.0,
      "count": 1
    },
    "cross_client_compatibility": {
      "mean": 0.16924686156612032,
      "median": 0.16924686156612032,
      "std": 0.0,
      "count": 1
    }
  }
}