{
  "summary": {
    "overall_reasoning": {
      "mean": 0.16749903388322063,
      "median": 0.16749903388322063,
      "std": 0.0,
      "min": 0.16749903388322063,
      "max": 0.16749903388322063
    },
    "aggregate_criteria": {
      "mean": 0.16510227487512344,
      "median": 0.16510227487512344,
      "std": 0.0,
      "min": 0.16510227487512344,
      "max": 0.16510227487512344
    },
    "parsing_success_rate": 1.0
  },
  "per_repository": {
    "teku": {
      "overall_reasoning_uncertainty": 0.16749903388322063,
      "aggregate_uncertainty": 0.16510227487512344,
      "criteria_uncertainties": {
        "protocol_implementation": 0.16410586651782125,
        "algorithmic_innovation": 0.1679819749182025,
        "developer_experience": 0.16932079125480728,
        "architectural_innovation": 0.16697207179525306,
        "security_innovation": 0.16254266180111418,
        "standards_leadership": 0.16197247118435573,
        "cross_client_compatibility": 0.1626875459239862
      },
      "originality_score": 0.6404444444444445,
      "parsing_method": "json",
      "parsing_success": true
    }
  },
  "per_criterion": {
    "protocol_implementation": {
      "mean": 0.16410586651782125,
      "median": 0.16410586651782125,
      "std": 0.0,
      "count": 1
    },
    "algorithmic_innovation": {
      "mean": 0.1679819749182025,
      "median": 0.1679819749182025,
      "std": 0.0,
      "count": 1
    },
    "developer_experience": {
      "mean": 0.16932079125480728,
      "median": 0.16932079125480728,
      "std": 0.0,
      "count": 1
    },
    "architectural_innovation": {
      "mean": 0.16697207179525306,
      "median": 0.16697207179525306,
      "std": 0.0,
      "count": 1
    },
    "security_innovation": {
      "mean": 0.16254266180111418,
      "median": 0.16254266180111418,
      "std": 0.0,
      "count": 1
    },
    "standards_leadership": {
      "mean": 0.16197247118435573,
      "median": 0.16197247118435573,
      "std": 0.0,
      "count": 1
    },
    "cross_client_compatibility": {
      "mean": 0.1626875459239862,
      "median": 0.1626875459239862,
      "std": 0.0,
      "count": 1
    }
  }
}